{
  "incumbent_ids": [
    1
  ],
  "rejected_config_ids": [
    2,
    3,
    4,
    5,
    6,
    7,
    8,
    9,
    10,
    11,
    12,
    13,
    14,
    15,
    16,
    17
  ],
  "incumbents_changed": 1,
  "trajectory": [
    {
      "config_ids": [
        1
      ],
      "costs": [
        0.7643050772003592
      ],
      "trial": 1,
      "walltime": 9.815812110900879
    }
  ],
  "state": {
    "queue": [
      [
        17,
        4
      ]
    ]
  }
}