{
  "incumbent_ids": [
    8
  ],
  "rejected_config_ids": [
    2,
    1,
    4,
    5,
    6,
    7,
    3
  ],
  "incumbents_changed": 3,
  "trajectory": [
    {
      "config_ids": [
        1
      ],
      "costs": [
        7.393548269393979
      ],
      "trial": 1,
      "walltime": 2.2017359733581543
    },
    {
      "config_ids": [
        3
      ],
      "costs": [
        7.193803822224798
      ],
      "trial": 8,
      "walltime": 19.689403295516968
    },
    {
      "config_ids": [
        8
      ],
      "costs": [
        5.93422136161159
      ],
      "trial": 23,
      "walltime": 64.90453004837036
    }
  ],
  "state": {
    "queue": [
      [
        9,
        2
      ]
    ]
  }
}