{
  "incumbent_ids": [
    16
  ],
  "rejected_config_ids": [
    1,
    3,
    4,
    5,
    6,
    2,
    8,
    9,
    10,
    11,
    12,
    13,
    14,
    15,
    7,
    17
  ],
  "incumbents_changed": 4,
  "trajectory": [
    {
      "config_ids": [
        1
      ],
      "costs": [
        0.9194681908599326
      ],
      "trial": 1,
      "walltime": 3.315944194793701
    },
    {
      "config_ids": [
        2
      ],
      "costs": [
        0.8969532095221031
      ],
      "trial": 4,
      "walltime": 12.08491587638855
    },
    {
      "config_ids": [
        7
      ],
      "costs": [
        0.882236732155597
      ],
      "trial": 20,
      "walltime": 57.26484298706055
    },
    {
      "config_ids": [
        16
      ],
      "costs": [
        0.8808409348259426
      ],
      "trial": 47,
      "walltime": 138.24733805656433
    }
  ],
  "state": {
    "queue": [
      [
        17,
        4
      ]
    ]
  }
}