{
  "incumbent_ids": [
    2
  ],
  "rejected_config_ids": [
    1,
    3,
    4,
    5,
    6,
    7,
    8
  ],
  "incumbents_changed": 2,
  "trajectory": [
    {
      "config_ids": [
        1
      ],
      "costs": [
        8.509857560507756
      ],
      "trial": 1,
      "walltime": 4.5370707511901855
    },
    {
      "config_ids": [
        2
      ],
      "costs": [
        7.82775731478667
      ],
      "trial": 4,
      "walltime": 18.477287769317627
    }
  ],
  "state": {
    "queue": [
      [
        9,
        2
      ]
    ]
  }
}