{
  "incumbent_ids": [
    10
  ],
  "rejected_config_ids": [
    1,
    3,
    4,
    5,
    6,
    7,
    8,
    9,
    2,
    11,
    12,
    13,
    14,
    15,
    16,
    17
  ],
  "incumbents_changed": 3,
  "trajectory": [
    {
      "config_ids": [
        1
      ],
      "costs": [
        11.65738218508744
      ],
      "trial": 1,
      "walltime": 1.823767900466919
    },
    {
      "config_ids": [
        2
      ],
      "costs": [
        8.53087943896083
      ],
      "trial": 4,
      "walltime": 9.095962762832642
    },
    {
      "config_ids": [
        10
      ],
      "costs": [
        8.81813413804815
      ],
      "trial": 29,
      "walltime": 66.43468880653381
    }
  ],
  "state": {
    "queue": [
      [
        17,
        4
      ]
    ]
  }
}